Sku,Warehouse,Model,Remark
9137,GAHAK,HP OJ 8610,test
3009,GAHAK,HP OJ 8610,test
9145,GAHAK,HP OJ 8610,test
9385,GAHAK,HP OJ 8610,test
8738,GAHAK,HP OJ 8100,test
3249,GAHAK,HP OJ 8610,test
7164,GAHAK,HP OJ 7612 ,test
5759,GAHAK,HP OJ 7612 ,test
2359,GAHAK,HP OJ 7612 ,test
8235,GAHAK,HP OJ 7612 ,test
2786,GAHAK,HP OJ 7612 ,test
1559,GAHAK,CANON LBP 4280K,test
7350,GAHAK,HP OJ 8610,test
9312,GAHAK,HP OJ 7612 ,test
8345,GAHAK,Konika Minolta Bizhub C280,test
2440,GAHAK,Canon IR 2525,test
4573,GAHAK,Copier Bizhub 283,test
8658,GAHAK,HP OJ 8610,test
8208,GAHAK,CANON LBP 4280K,test
7477,GAHAK,HP OJ 8600,test
5411,GAHAK,Canon 3245A,test
8720,GAHAK,Canon 3245A,test
5797,GAHAK,Canon IR 2525,test
1780,GAHAK,Canon 3245A,test
6362,GAHAK,Canon 3245A,test
6933,GAHAK,HP OJ 7612 ,test
3536,GAHAK,HP OJ 8610,test
2966,GAHAK,HP OJ 7612 ,test
9597,GAHAK,HP OJ 8610,test
4732,GAHAK,HP OJ 8610,test
1486,GAHAK,HP OJ 7612 ,test
3499,GAHAK,HP OJ 8610,test
2747,GAHAK,HP OJ 8600,test
3682,GAHAK,HP OJ 8600,test
7989,GAHAK,HP OJ 8600,test
9864,GAHAK,HP OJ 8600,test
5809,GAHAK,HP OJ 8600,test
7909,GAHAK,HP OJ 8600,test
1779,GAHAK,HP OJ 8600,test
7184,GAHAK,HP OJ 8610,test
5739,GAHAK,Konika Minolta Bizhub C280,test
8814,GAHAK,HP OJ 7612 ,test
5059,GAHAK,Konika Minolta Bizhub C360,test
6454,GAHAK,HP OJ 8600,test
3867,GAHAK,HP OJ 8600,test
5701,GAHAK,HP OJ 8100,test
6465,GAHAK,HP OJ 8100,test
4322,GAHAK,HP OJ 8600,test
5670,GAHAK,HP OJ 8600,test
1462,GAHAK,HP OJ 8600,test
5904,GAHAK,HP Laserjet Pro P1102,test
8751,GAHAK,HP Laserjet Pro P1102,test
5445,GAHAK,HP Laserjet Pro P1102,test
3007,GAHAK,HP Laserjet Pro P1102,test
8577,GAHAK,HP Laserjet Pro P1102,test
6473,GAHAK,HP Laserjet Pro P1102,test
7298,GAHAK,HP Laserjet Pro P1102,test
4623,GAHAK,HP Laserjet Pro P1102,test
8090,GAHAK,HP Laserjet Pro P1102,test
7004,GAHAK,HP Laserjet Pro P1102,test
9378,GAHAK,HP Laserjet Pro P1102,test
3824,GAHAK,Scanner Epson GT-2500,test
8431,GAHAK,HP Officejet 7510,test
3212,GAHAK,HP OJ 8610,test
3511,GAHAK,HP OJ 7612 ,test
2202,GAHAK,Canon LBP 6535K,test
9336,GAHAK,Canon LBP 6535K,test
6139,GAHAK,Canon LBP 6535K,test
6228,GAHAK,Canon LBP 6535K,test
9951,GAHAK,Canon LBP 6535K,test
3130,GAHAK,HP OJ 7612 ,test
7192,GAHAK,HP OJ 7612 ,test
3497,GAHAK,HP OJ 7612 ,test
8874,GAHAK,Canon LBP 6535K,test
9232,GAHAK,Canon LBP 6535K,test
6565,GAHAK,Canon LBP 6535K,test
3935,GAHAK,Canon LBP 6535K,test
4043,GAHAK,HP LJ P3015,test
9947,GAHAK,HP OJ 7612 ,test
6553,GAHAK,HP OJ 7612 ,test
2383,GAHAK,HP OJ 8610,test
1377,GAHAK,HP OJ 8610,test
4627,GAHAK,HP OJ 8600,test
7746,GAHAK,HP OJ 8610,test
8727,GAHAK,HP OJ 8600,test
4523,GAHAK,HP OJ 8600,test
4215,GAHAK,HP OJ 7612 ,test
5615,GAHAK,HP OJ 7612 ,test
2391,GAHAK,HP OJ 8100,test
8688,GAHAK,HP OJ 8600,test
1164,GAHAK,HP OJ 8610,test
3269,GAHAK,HP OJ 8610,test
5899,GAHAK,HP OJ 8610,test
7389,GAHAK,HP OJ 8610,test
7438,GAHAK,HP OJ 7612 ,test
9647,GAHAK,HP OJ 8610,test
3010,GAHAK,HP Officejet 7510,test
6856,GAHAK,HP OJ 7110,test
6767,GAHAK,HP OJ 8600,test
2317,GAHAK,HP LJ 5000,test
3657,GAHAK,HP OJ 8600,test
8855,GAHAK,HP OJ 7612 ,test
2365,GAHAK,HP OJ 7612 ,test
2500,GAHAK,HP OJ 8610,test
3951,GAHAK,HP OJ 8600,test
7696,GAHAK,HP OJ 8610,test
4611,GAHAK,HP OJ 7612 ,test
4425,GAHAK,Canon LBP 6535K,test
2497,GAHAK,Konika Minolta Bizhub C280,test
8886,GAHAK,Konika Minolta Bizhub C360,test
4153,GAHAK,HP OJ 8600,test
8263,GAHAK,HP OJ 8600,test
2397,GAHAK,HP OJ 8600,test
5740,GAHAK,HP OJ 8600,test
6687,GAHAK,Canon IR 2022,test
4211,GAHAK,Fuji Xerox DocuPrint CP115w,test
4329,GAHAK,Website Service,test
6832,GAHAK,HP OJ 8600,test
3402,GAHAK,HP LJ 1000,test
4462,GAHAK,Canon LBP 6535K,test
3074,GAHAK,HP DJ T520-24,test
9198,GAHAK,HP OJ 8100,test
6598,GAHAK,HP OJ 8100,test
3400,GAHAK,HP Laserjet Pro P1102,test
3100,GAHAK,HP OJ 8600,test
